file,fighter,state,width,height,alpha_bounds,pose_scale,global_scale,source_to_screen_scale,visible_height_px,combat_idle_height_px,height_change_pct,foot_anchor_y
tbfg_p1_idle.png,AKAONI,idle,372,914,"0,0,372,914",1.33244,0.8,0.38486231947483596,351.8,324.2,8.5,914
tbfg_p1_idle_breathe_out.png,AKAONI,idle_breathe_out,391,914,"6,0,397,914",1.33244,0.8,0.38486231947483596,351.8,324.2,8.5,914
tbfg_p1_idle_breathe_in.png,AKAONI,idle_breathe_in,391,914,"6,0,397,914",1.33244,0.8,0.38486231947483596,351.8,324.2,8.5,914
tbfg_p1_idle_fight.png,AKAONI,idle_fight,943,1059,"0,0,943,1059",1.06,0.8,0.30617067833698036,324.2,324.2,0.0,1059
tbfg_p1_idle_fight_breathe_out.png,AKAONI,idle_fight_breathe_out,976,1059,"0,0,976,1059",1.06,0.8,0.30617067833698036,324.2,324.2,0.0,1059
tbfg_p1_idle_fight_breathe_in.png,AKAONI,idle_fight_breathe_in,974,1059,"4,0,978,1059",1.06,0.8,0.30617067833698036,324.2,324.2,0.0,1059
tbfg_p1_idle_fwd.png,AKAONI,idle_fwd,501,924,"0,0,501,924",1.32,0.8,0.3812691466083151,352.3,324.2,8.7,924
tbfg_p1_block_00.png,AKAONI,block,880,919,"0,0,880,919",1.19,0.8,0.3437199124726477,315.9,324.2,-2.6,919
tbfg_p1_blockknockback_00.png,AKAONI,blockknock,971,947,"0,0,971,947",1.04,0.8,0.3003938730853392,284.5,324.2,-12.3,947
tbfg_p1_defeated_00.png,AKAONI,defeat,1338,816,"0,0,1338,816",1.0,0.8,0.2888402625820569,235.7,324.2,-27.3,816
tbfg_p1_jump_00.png,AKAONI,jump_0,1036,991,"0,0,1036,991",1.25,0.8,0.36105032822757116,357.8,324.2,10.4,991
tbfg_p1_jump_mid_v1.png,AKAONI,jump_mid,1433,1058,"0,0,1433,1058",1.0748,0.8,0.3104455142231948,328.5,324.2,1.3,1058
tbfg_p1_jump_01.png,AKAONI,jump_1,1293,885,"0,0,1293,885",1.17,0.8,0.33794310722100657,299.1,324.2,-7.8,885
tbfg_p1_crouch_00.png,AKAONI,crouch_0,1366,1023,"0,0,1366,1023",0.89,0.8,0.25706783369803066,263.0,324.2,-18.9,1023
tbfg_p1_crouch_mid_v1.png,AKAONI,crouch_mid,1642,939,"0,0,1642,939",0.9172,0.8,0.2649242888402626,248.8,324.2,-23.3,939
tbfg_p1_crouch_01.png,AKAONI,crouch_1,1396,810,"0,0,1396,810",1,0.8,0.2888402625820569,234.0,324.2,-27.8,810
tbfg_p1_lunge_windup_v2.png,AKAONI,lunge_0,1536,1021,"0,3,1536,1024",0.8925,0.8,0.2577899343544858,263.2,324.2,-18.8,1024
tbfg_p1_lunge_drive_v2.png,AKAONI,lunge_mid,1764,866,"0,21,1764,887",1.1015,0.8,0.3181575492341357,275.5,324.2,-15.0,887
tbfg_p1_lunge_follow_v2.png,AKAONI,lunge_1,1535,1024,"0,0,1535,1024",0.9405,0.8,0.27165426695842454,278.2,324.2,-14.2,1024
tbfg_p2_idle.png,KUROGANE,idle,369,897,"0,0,369,897",1.33244,0.8,0.392156254180602,351.8,324.2,8.5,897
tbfg_p2_idle_breathe_out.png,KUROGANE,idle_breathe_out,388,897,"48,0,436,897",1.33244,0.8,0.392156254180602,351.8,324.2,8.5,897
tbfg_p2_idle_breathe_in.png,KUROGANE,idle_breathe_in,401,897,"45,0,446,897",1.33244,0.8,0.392156254180602,351.8,324.2,8.5,897
tbfg_p2_idle_fight.png,KUROGANE,idle_fight,1081,1108,"0,0,1081,1108",0.9943,0.8,0.2926367892976588,324.2,324.2,0.0,1108
tbfg_p2_idle_fight_breathe_out.png,KUROGANE,idle_fight_breathe_out,1097,1108,"0,0,1097,1108",0.9943,0.8,0.2926367892976588,324.2,324.2,0.0,1108
tbfg_p2_idle_fight_breathe_in.png,KUROGANE,idle_fight_breathe_in,1097,1108,"0,0,1097,1108",0.9943,0.8,0.2926367892976588,324.2,324.2,0.0,1108
tbfg_p2_idle_fwd.png,KUROGANE,idle_fwd,457,889,"0,0,457,889",1.3465,0.8,0.3962943143812709,352.3,324.2,8.7,889
tbfg_p2_block_00.png,KUROGANE,block,658,984,"0,0,658,984",1.0907,0.8,0.3210086956521739,315.9,324.2,-2.6,984
tbfg_p2_blockknockback_00.png,KUROGANE,blockknock,634,891,"0,0,634,891",1.0848,0.8,0.3192722408026755,284.5,324.2,-12.3,891
tbfg_p2_defeated_00.png,KUROGANE,defeat,958,832,"0,0,958,832",0.9625,0.8,0.28327759197324415,235.7,324.2,-27.3,832
tbfg_p2_jump_00.png,KUROGANE,jump_0,809,953,"0,0,809,953",1.2757,0.8,0.37545685618729097,357.8,324.2,10.4,953
tbfg_p2_jump_mid_v1.png,KUROGANE,jump_mid,1509,937,"0,0,1509,937",1.191,0.8,0.3505284280936455,328.4,324.2,1.3,937
tbfg_p2_jump_01.png,KUROGANE,jump_1,1371,816,"0,0,1371,816",1.2453,0.8,0.36650969899665553,299.1,324.2,-7.8,816
tbfg_p2_crouch_00.png,KUROGANE,crouch_0,1022,843,"0,0,1022,843",1.0599,0.8,0.3119438127090301,263.0,324.2,-18.9,843
tbfg_p2_crouch_mid_v1.png,KUROGANE,crouch_mid,1561,875,"0,0,1561,875",0.9661,0.8,0.2843371237458194,248.8,324.2,-23.3,875
tbfg_p2_crouch_01.png,KUROGANE,crouch_1,1220,757,"0,0,1220,757",1.0501,0.8,0.3090595317725752,234.0,324.2,-27.8,757
tbfg_p2_lunge_windup_v2.png,KUROGANE,lunge_0,1616,961,"0,12,1616,973",0.9306,0.8,0.27388896321070233,263.2,324.2,-18.8,973
tbfg_p2_lunge_drive_v2.png,KUROGANE,lunge_mid,1778,862,"0,22,1778,884",1.086,0.8,0.3196254180602007,275.5,324.2,-15.0,884
tbfg_p2_lunge_follow_v2.png,KUROGANE,lunge_1,1639,952,"0,8,1639,960",0.9928,0.8,0.29219531772575247,278.2,324.2,-14.2,960
